{
  "swagger" : "2.0",
  "info" : {
    "version" : "1.0",
    "title" : "Summary about carts",
    "description" : "Summary about carts"
  },
  "host" : "localhost:8080",
  "basePath" : "/",
  "schemes" : [ "http" ],
  "paths" : {
    "/carts" : {
      "get" : {
        "summary" : "",
        "description" : "",
        "operationId" : "get-carts",
        "consumes" : [ "application/json" ],
        "produces" : [ "application/json" ],
        "parameters" : [ ],
        "responses" : {
          "200" : {
            "description" : "a carts to be returned",
            "schema" : {
              "$ref" : "#/definitions/carts"
            }
          }
        }
      }
    },
    "/cart/{CartID}" : {
      "get" : {
        "summary" : "",
        "description" : "",
        "operationId" : "get-cart",
        "consumes" : [ "application/json" ],
        "produces" : [ "application/json" ],
        "parameters" : [ {
          "name" : "CartID",
          "in" : "path",
          "description" : "",
          "type" : "string",
          "required" : true
        } ],
        "responses" : {
          "200" : {
            "description" : "a cart to be returned",
            "schema" : {
              "$ref" : "#/definitions/cart"
            }
          }
        }
      }
    },
    "/cart_items" : {
      "get" : {
        "summary" : "",
        "description" : "",
        "operationId" : "get-cart_items",
        "consumes" : [ "application/json" ],
        "produces" : [ "application/json" ],
        "parameters" : [ ],
        "responses" : {
          "200" : {
            "description" : "a cart_items to be returned",
            "schema" : {
              "$ref" : "#/definitions/cart_items"
            }
          }
        }
      }
    },
    "/cart_item/{CartID}" : {
      "get" : {
        "summary" : "",
        "description" : "",
        "operationId" : "get-cart_item",
        "consumes" : [ "application/json" ],
        "produces" : [ "application/json" ],
        "parameters" : [ {
          "name" : "CartID",
          "in" : "path",
          "description" : "",
          "type" : "string",
          "required" : true
        } ],
        "responses" : {
          "200" : {
            "description" : "a cart_item to be returned",
            "schema" : {
              "$ref" : "#/definitions/cart_item"
            }
          }
        }
      }
    }
  },
  "definitions" : {
    "carts" : {
      "type" : "object",
      "properties" : {
        "cart" : {
          "type" : "array",
          "items" : {
            "$ref" : "#/definitions/cart",
            "uniqueItems" : false
          }
        }
      }
    },
    "cart_items" : {
      "type" : "object",
      "properties" : {
        "cart_item" : {
          "type" : "array",
          "items" : {
            "$ref" : "#/definitions/cart_item",
            "uniqueItems" : false
          }
        }
      }
    },
    "cart" : {
      "type" : "object",
      "required" : [ "CartID", "CID", "timestamp" ],
      "properties" : {
        "CartID" : {
          "type" : "integer"
        },
        "CID" : {
          "type" : "string"
        },
        "timestamp" : {
          "type" : "string"
        }
      }
    },
    "cart_item" : {
      "type" : "object",
      "required" : [ "Pname", "price", "Pdesc", "qty", "PID", "CartID", "CIID" ],
      "properties" : {
        "CIID" : {
          "type" : "integer"
        },
        "PID" : {
          "type" : "integer"
        },
        "Pname" : {
          "type" : "string"
        },
        "Pdesc" : {
          "type" : "string"
        },
        "price" : {
          "type" : "number"
        },
        "qty" : {
          "type" : "integer"
        },
        "Pstatus" : {
          "type" : "string"
        },
        "CartID" : {
          "type" : "integer"
        }
      }
    }
  }
}