{"records": [
    {
        "jsonSchemaLocation": "/payment.module/Service Descriptors/payment.module.Process-payment.json",
        "conversionType": "linked",
        "xsdSchemaTargetNamespace": "http://www.amazing.com/payment"
    },
    {
        "jsonSchemaLocation": "/payment.module/Service Descriptors/payment.module.Process-create_payment.json",
        "conversionType": "linked",
        "xsdSchemaTargetNamespace": "http://www.amazing.com/payment"
    },
    {
        "jsonSchemaLocation": "/payment.module/Service Descriptors/payment.module.Process-create_payment.json",
        "conversionType": "linked",
        "xsdSchemaTargetNamespace": "/T1554197593905Converted/SimpleTypesArraysSchema"
    }
]}