{"records": [
    {
        "jsonSchemaLocation": "/payment.module/Service Descriptors/payment.module.Process-payment.json",
        "conversionType": "linked",
        "xsdSchemaTargetNamespace": "http://www.amazing.com/payment"
    },
    {
        "jsonSchemaLocation": "/payment.module/Service Descriptors/payment.module.Process-create_payment.json",
        "conversionType": "linked",
        "xsdSchemaTargetNamespace": "http://www.amazing.com/payment"
    },
    {
        "jsonSchemaLocation": "/payment.module/Service Descriptors/payment.module.Process-create_payment.json",
        "conversionType": "linked",
        "xsdSchemaTargetNamespace": "/T1554197593905Converted/SimpleTypesArraysSchema"
    },
    {
        "jsonSchemaLocation": "/payment.module/Service Descriptors/orders2.projOrders.module.Process-Orders.json",
        "conversionType": "generated",
        "xsdSchemaTargetNamespace": "/T1554356502231Converted/JsonSchema"
    },
    {
        "jsonSchemaLocation": "/payment.module/Service Descriptors/orders2.projOrders.module.Process-Orders.json",
        "conversionType": "generated",
        "xsdSchemaTargetNamespace": "/T1554359093995Converted/JsonSchema"
    },
    {
        "jsonSchemaLocation": "/payment.module/Service Descriptors/orders2.projOrders.module.Process-Orders.json",
        "conversionType": "generated",
        "xsdSchemaTargetNamespace": "/T1554361009079Converted/JsonSchema"
    }
]}